--
-- PostgreSQL database dump
--

-- Dumped from database version 15.3
-- Dumped by pg_dump version 15.3

SET statement_timeout = 0;
SET lock_timeout = 0;
SET idle_in_transaction_session_timeout = 0;
SET client_encoding = 'UTF8';
SET standard_conforming_strings = on;
SELECT pg_catalog.set_config('search_path', '', false);
SET check_function_bodies = false;
SET xmloption = content;
SET client_min_messages = warning;
SET row_security = off;

SET default_tablespace = '';

SET default_table_access_method = heap;

--
-- Name: auth_group; Type: TABLE; Schema: public; Owner: postgres
--

CREATE TABLE public.auth_group (
    id integer NOT NULL,
    name character varying(150) NOT NULL
);


ALTER TABLE public.auth_group OWNER TO postgres;

--
-- Name: auth_group_id_seq; Type: SEQUENCE; Schema: public; Owner: postgres
--

ALTER TABLE public.auth_group ALTER COLUMN id ADD GENERATED BY DEFAULT AS IDENTITY (
    SEQUENCE NAME public.auth_group_id_seq
    START WITH 1
    INCREMENT BY 1
    NO MINVALUE
    NO MAXVALUE
    CACHE 1
);


--
-- Name: auth_group_permissions; Type: TABLE; Schema: public; Owner: postgres
--

CREATE TABLE public.auth_group_permissions (
    id bigint NOT NULL,
    group_id integer NOT NULL,
    permission_id integer NOT NULL
);


ALTER TABLE public.auth_group_permissions OWNER TO postgres;

--
-- Name: auth_group_permissions_id_seq; Type: SEQUENCE; Schema: public; Owner: postgres
--

ALTER TABLE public.auth_group_permissions ALTER COLUMN id ADD GENERATED BY DEFAULT AS IDENTITY (
    SEQUENCE NAME public.auth_group_permissions_id_seq
    START WITH 1
    INCREMENT BY 1
    NO MINVALUE
    NO MAXVALUE
    CACHE 1
);


--
-- Name: auth_permission; Type: TABLE; Schema: public; Owner: postgres
--

CREATE TABLE public.auth_permission (
    id integer NOT NULL,
    name character varying(255) NOT NULL,
    content_type_id integer NOT NULL,
    codename character varying(100) NOT NULL
);


ALTER TABLE public.auth_permission OWNER TO postgres;

--
-- Name: auth_permission_id_seq; Type: SEQUENCE; Schema: public; Owner: postgres
--

ALTER TABLE public.auth_permission ALTER COLUMN id ADD GENERATED BY DEFAULT AS IDENTITY (
    SEQUENCE NAME public.auth_permission_id_seq
    START WITH 1
    INCREMENT BY 1
    NO MINVALUE
    NO MAXVALUE
    CACHE 1
);


--
-- Name: auth_user; Type: TABLE; Schema: public; Owner: postgres
--

CREATE TABLE public.auth_user (
    id integer NOT NULL,
    password character varying(128) NOT NULL,
    last_login timestamp with time zone,
    is_superuser boolean NOT NULL,
    username character varying(150) NOT NULL,
    first_name character varying(150) NOT NULL,
    last_name character varying(150) NOT NULL,
    email character varying(254) NOT NULL,
    is_staff boolean NOT NULL,
    is_active boolean NOT NULL,
    date_joined timestamp with time zone NOT NULL
);


ALTER TABLE public.auth_user OWNER TO postgres;

--
-- Name: auth_user_groups; Type: TABLE; Schema: public; Owner: postgres
--

CREATE TABLE public.auth_user_groups (
    id bigint NOT NULL,
    user_id integer NOT NULL,
    group_id integer NOT NULL
);


ALTER TABLE public.auth_user_groups OWNER TO postgres;

--
-- Name: auth_user_groups_id_seq; Type: SEQUENCE; Schema: public; Owner: postgres
--

ALTER TABLE public.auth_user_groups ALTER COLUMN id ADD GENERATED BY DEFAULT AS IDENTITY (
    SEQUENCE NAME public.auth_user_groups_id_seq
    START WITH 1
    INCREMENT BY 1
    NO MINVALUE
    NO MAXVALUE
    CACHE 1
);


--
-- Name: auth_user_id_seq; Type: SEQUENCE; Schema: public; Owner: postgres
--

ALTER TABLE public.auth_user ALTER COLUMN id ADD GENERATED BY DEFAULT AS IDENTITY (
    SEQUENCE NAME public.auth_user_id_seq
    START WITH 1
    INCREMENT BY 1
    NO MINVALUE
    NO MAXVALUE
    CACHE 1
);


--
-- Name: auth_user_user_permissions; Type: TABLE; Schema: public; Owner: postgres
--

CREATE TABLE public.auth_user_user_permissions (
    id bigint NOT NULL,
    user_id integer NOT NULL,
    permission_id integer NOT NULL
);


ALTER TABLE public.auth_user_user_permissions OWNER TO postgres;

--
-- Name: auth_user_user_permissions_id_seq; Type: SEQUENCE; Schema: public; Owner: postgres
--

ALTER TABLE public.auth_user_user_permissions ALTER COLUMN id ADD GENERATED BY DEFAULT AS IDENTITY (
    SEQUENCE NAME public.auth_user_user_permissions_id_seq
    START WITH 1
    INCREMENT BY 1
    NO MINVALUE
    NO MAXVALUE
    CACHE 1
);


--
-- Name: base_address; Type: TABLE; Schema: public; Owner: postgres
--

CREATE TABLE public.base_address (
    street character varying(250) NOT NULL,
    city character varying(250) NOT NULL,
    customer_id bigint NOT NULL,
    country character varying(250)
);


ALTER TABLE public.base_address OWNER TO postgres;

--
-- Name: base_cart; Type: TABLE; Schema: public; Owner: postgres
--

CREATE TABLE public.base_cart (
    id bigint NOT NULL,
    created_at timestamp with time zone NOT NULL
);


ALTER TABLE public.base_cart OWNER TO postgres;

--
-- Name: base_cart_id_seq; Type: SEQUENCE; Schema: public; Owner: postgres
--

ALTER TABLE public.base_cart ALTER COLUMN id ADD GENERATED BY DEFAULT AS IDENTITY (
    SEQUENCE NAME public.base_cart_id_seq
    START WITH 1
    INCREMENT BY 1
    NO MINVALUE
    NO MAXVALUE
    CACHE 1
);


--
-- Name: base_cartitem; Type: TABLE; Schema: public; Owner: postgres
--

CREATE TABLE public.base_cartitem (
    id bigint NOT NULL,
    quantity smallint NOT NULL,
    cart_id bigint NOT NULL,
    product_id bigint NOT NULL,
    CONSTRAINT base_cartitem_quantity_check CHECK ((quantity >= 0))
);


ALTER TABLE public.base_cartitem OWNER TO postgres;

--
-- Name: base_cartitem_id_seq; Type: SEQUENCE; Schema: public; Owner: postgres
--

ALTER TABLE public.base_cartitem ALTER COLUMN id ADD GENERATED BY DEFAULT AS IDENTITY (
    SEQUENCE NAME public.base_cartitem_id_seq
    START WITH 1
    INCREMENT BY 1
    NO MINVALUE
    NO MAXVALUE
    CACHE 1
);


--
-- Name: base_catagory; Type: TABLE; Schema: public; Owner: postgres
--

CREATE TABLE public.base_catagory (
    id bigint NOT NULL,
    title character varying(250) NOT NULL,
    feature_product_id bigint
);


ALTER TABLE public.base_catagory OWNER TO postgres;

--
-- Name: base_catagory_id_seq; Type: SEQUENCE; Schema: public; Owner: postgres
--

ALTER TABLE public.base_catagory ALTER COLUMN id ADD GENERATED BY DEFAULT AS IDENTITY (
    SEQUENCE NAME public.base_catagory_id_seq
    START WITH 1
    INCREMENT BY 1
    NO MINVALUE
    NO MAXVALUE
    CACHE 1
);


--
-- Name: base_customer; Type: TABLE; Schema: public; Owner: postgres
--

CREATE TABLE public.base_customer (
    id bigint NOT NULL,
    first_name character varying(250) NOT NULL,
    last_name character varying(250) NOT NULL,
    email character varying(254) NOT NULL,
    phone character varying(200),
    date_of_birth date
);


ALTER TABLE public.base_customer OWNER TO postgres;

--
-- Name: base_customer_id_seq; Type: SEQUENCE; Schema: public; Owner: postgres
--

ALTER TABLE public.base_customer ALTER COLUMN id ADD GENERATED BY DEFAULT AS IDENTITY (
    SEQUENCE NAME public.base_customer_id_seq
    START WITH 1
    INCREMENT BY 1
    NO MINVALUE
    NO MAXVALUE
    CACHE 1
);


--
-- Name: base_like; Type: TABLE; Schema: public; Owner: postgres
--

CREATE TABLE public.base_like (
    id bigint NOT NULL,
    "like" smallint NOT NULL,
    product_id bigint NOT NULL,
    CONSTRAINT base_like_like_check CHECK (("like" >= 0))
);


ALTER TABLE public.base_like OWNER TO postgres;

--
-- Name: base_like_id_seq; Type: SEQUENCE; Schema: public; Owner: postgres
--

ALTER TABLE public.base_like ALTER COLUMN id ADD GENERATED BY DEFAULT AS IDENTITY (
    SEQUENCE NAME public.base_like_id_seq
    START WITH 1
    INCREMENT BY 1
    NO MINVALUE
    NO MAXVALUE
    CACHE 1
);


--
-- Name: base_order; Type: TABLE; Schema: public; Owner: postgres
--

CREATE TABLE public.base_order (
    id bigint NOT NULL,
    placed_at timestamp with time zone NOT NULL,
    payment_status character varying(1) NOT NULL,
    customer_id bigint NOT NULL
);


ALTER TABLE public.base_order OWNER TO postgres;

--
-- Name: base_order_id_seq; Type: SEQUENCE; Schema: public; Owner: postgres
--

ALTER TABLE public.base_order ALTER COLUMN id ADD GENERATED BY DEFAULT AS IDENTITY (
    SEQUENCE NAME public.base_order_id_seq
    START WITH 1
    INCREMENT BY 1
    NO MINVALUE
    NO MAXVALUE
    CACHE 1
);


--
-- Name: base_orderitem; Type: TABLE; Schema: public; Owner: postgres
--

CREATE TABLE public.base_orderitem (
    id bigint NOT NULL,
    quantity smallint NOT NULL,
    unite_price numeric(7,2) NOT NULL,
    order_id bigint NOT NULL,
    product_id bigint NOT NULL,
    CONSTRAINT base_orderitem_quantity_check CHECK ((quantity >= 0))
);


ALTER TABLE public.base_orderitem OWNER TO postgres;

--
-- Name: base_orderitem_id_seq; Type: SEQUENCE; Schema: public; Owner: postgres
--

ALTER TABLE public.base_orderitem ALTER COLUMN id ADD GENERATED BY DEFAULT AS IDENTITY (
    SEQUENCE NAME public.base_orderitem_id_seq
    START WITH 1
    INCREMENT BY 1
    NO MINVALUE
    NO MAXVALUE
    CACHE 1
);


--
-- Name: base_product; Type: TABLE; Schema: public; Owner: postgres
--

CREATE TABLE public.base_product (
    id bigint NOT NULL,
    title character varying(250) NOT NULL,
    description text NOT NULL,
    price numeric(10,2) NOT NULL,
    inventory integer NOT NULL,
    last_update timestamp with time zone NOT NULL,
    catagory_id bigint NOT NULL,
    slug character varying(50) NOT NULL
);


ALTER TABLE public.base_product OWNER TO postgres;

--
-- Name: base_product_id_seq; Type: SEQUENCE; Schema: public; Owner: postgres
--

ALTER TABLE public.base_product ALTER COLUMN id ADD GENERATED BY DEFAULT AS IDENTITY (
    SEQUENCE NAME public.base_product_id_seq
    START WITH 1
    INCREMENT BY 1
    NO MINVALUE
    NO MAXVALUE
    CACHE 1
);


--
-- Name: django_admin_log; Type: TABLE; Schema: public; Owner: postgres
--

CREATE TABLE public.django_admin_log (
    id integer NOT NULL,
    action_time timestamp with time zone NOT NULL,
    object_id text,
    object_repr character varying(200) NOT NULL,
    action_flag smallint NOT NULL,
    change_message text NOT NULL,
    content_type_id integer,
    user_id integer NOT NULL,
    CONSTRAINT django_admin_log_action_flag_check CHECK ((action_flag >= 0))
);


ALTER TABLE public.django_admin_log OWNER TO postgres;

--
-- Name: django_admin_log_id_seq; Type: SEQUENCE; Schema: public; Owner: postgres
--

ALTER TABLE public.django_admin_log ALTER COLUMN id ADD GENERATED BY DEFAULT AS IDENTITY (
    SEQUENCE NAME public.django_admin_log_id_seq
    START WITH 1
    INCREMENT BY 1
    NO MINVALUE
    NO MAXVALUE
    CACHE 1
);


--
-- Name: django_content_type; Type: TABLE; Schema: public; Owner: postgres
--

CREATE TABLE public.django_content_type (
    id integer NOT NULL,
    app_label character varying(100) NOT NULL,
    model character varying(100) NOT NULL
);


ALTER TABLE public.django_content_type OWNER TO postgres;

--
-- Name: django_content_type_id_seq; Type: SEQUENCE; Schema: public; Owner: postgres
--

ALTER TABLE public.django_content_type ALTER COLUMN id ADD GENERATED BY DEFAULT AS IDENTITY (
    SEQUENCE NAME public.django_content_type_id_seq
    START WITH 1
    INCREMENT BY 1
    NO MINVALUE
    NO MAXVALUE
    CACHE 1
);


--
-- Name: django_migrations; Type: TABLE; Schema: public; Owner: postgres
--

CREATE TABLE public.django_migrations (
    id bigint NOT NULL,
    app character varying(255) NOT NULL,
    name character varying(255) NOT NULL,
    applied timestamp with time zone NOT NULL
);


ALTER TABLE public.django_migrations OWNER TO postgres;

--
-- Name: django_migrations_id_seq; Type: SEQUENCE; Schema: public; Owner: postgres
--

ALTER TABLE public.django_migrations ALTER COLUMN id ADD GENERATED BY DEFAULT AS IDENTITY (
    SEQUENCE NAME public.django_migrations_id_seq
    START WITH 1
    INCREMENT BY 1
    NO MINVALUE
    NO MAXVALUE
    CACHE 1
);


--
-- Name: django_session; Type: TABLE; Schema: public; Owner: postgres
--

CREATE TABLE public.django_session (
    session_key character varying(40) NOT NULL,
    session_data text NOT NULL,
    expire_date timestamp with time zone NOT NULL
);


ALTER TABLE public.django_session OWNER TO postgres;

--
-- Data for Name: auth_group; Type: TABLE DATA; Schema: public; Owner: postgres
--

COPY public.auth_group (id, name) FROM stdin;
\.


--
-- Data for Name: auth_group_permissions; Type: TABLE DATA; Schema: public; Owner: postgres
--

COPY public.auth_group_permissions (id, group_id, permission_id) FROM stdin;
\.


--
-- Data for Name: auth_permission; Type: TABLE DATA; Schema: public; Owner: postgres
--

COPY public.auth_permission (id, name, content_type_id, codename) FROM stdin;
1	Can add log entry	1	add_logentry
2	Can change log entry	1	change_logentry
3	Can delete log entry	1	delete_logentry
4	Can view log entry	1	view_logentry
5	Can add permission	2	add_permission
6	Can change permission	2	change_permission
7	Can delete permission	2	delete_permission
8	Can view permission	2	view_permission
9	Can add group	3	add_group
10	Can change group	3	change_group
11	Can delete group	3	delete_group
12	Can view group	3	view_group
13	Can add user	4	add_user
14	Can change user	4	change_user
15	Can delete user	4	delete_user
16	Can view user	4	view_user
17	Can add content type	5	add_contenttype
18	Can change content type	5	change_contenttype
19	Can delete content type	5	delete_contenttype
20	Can view content type	5	view_contenttype
21	Can add session	6	add_session
22	Can change session	6	change_session
23	Can delete session	6	delete_session
24	Can view session	6	view_session
25	Can add cart	7	add_cart
26	Can change cart	7	change_cart
27	Can delete cart	7	delete_cart
28	Can view cart	7	view_cart
29	Can add catagory	8	add_catagory
30	Can change catagory	8	change_catagory
31	Can delete catagory	8	delete_catagory
32	Can view catagory	8	view_catagory
33	Can add customer	9	add_customer
34	Can change customer	9	change_customer
35	Can delete customer	9	delete_customer
36	Can view customer	9	view_customer
37	Can add order	10	add_order
38	Can change order	10	change_order
39	Can delete order	10	delete_order
40	Can view order	10	view_order
41	Can add address	11	add_address
42	Can change address	11	change_address
43	Can delete address	11	delete_address
44	Can view address	11	view_address
45	Can add product	12	add_product
46	Can change product	12	change_product
47	Can delete product	12	delete_product
48	Can view product	12	view_product
49	Can add order item	13	add_orderitem
50	Can change order item	13	change_orderitem
51	Can delete order item	13	delete_orderitem
52	Can view order item	13	view_orderitem
53	Can add like	14	add_like
54	Can change like	14	change_like
55	Can delete like	14	delete_like
56	Can view like	14	view_like
57	Can add cart item	15	add_cartitem
58	Can change cart item	15	change_cartitem
59	Can delete cart item	15	delete_cartitem
60	Can view cart item	15	view_cartitem
\.


--
-- Data for Name: auth_user; Type: TABLE DATA; Schema: public; Owner: postgres
--

COPY public.auth_user (id, password, last_login, is_superuser, username, first_name, last_name, email, is_staff, is_active, date_joined) FROM stdin;
1	pbkdf2_sha256$600000$wZNXaE9cnGYk67lvu2u8zj$opxlzs0kBNoFHGkBWnOy0OU0WY+jdg3rAfdv/SD107k=	2023-09-15 18:16:51.348992+06	t	admin				t	t	2023-09-15 18:16:41.88544+06
\.


--
-- Data for Name: auth_user_groups; Type: TABLE DATA; Schema: public; Owner: postgres
--

COPY public.auth_user_groups (id, user_id, group_id) FROM stdin;
\.


--
-- Data for Name: auth_user_user_permissions; Type: TABLE DATA; Schema: public; Owner: postgres
--

COPY public.auth_user_user_permissions (id, user_id, permission_id) FROM stdin;
\.


--
-- Data for Name: base_address; Type: TABLE DATA; Schema: public; Owner: postgres
--

COPY public.base_address (street, city, customer_id, country) FROM stdin;
Red Cloud	Manzini	30	Swaziland
Crownhardt	Xinglongjie	39	China
Badeau	Toritama	33	Brazil
Sunbrook	Limonade	4	Haiti
Orin	Xiwei	5	China
Esker	Tetyushi	6	Russia
Scoville	Harper	7	Liberia
Riverside	Hōfu	8	Japan
Mcguire	Miaoli	9	Taiwan
Center	Mogzon	10	Russia
Debs	Inabaan Sur	11	Philippines
Bartillon	Río Viejo	12	Colombia
Manley	Puqian	13	China
Steensland	Jiangfang	14	China
Hanson	Burmakino	25	Russia
Dorton	Delgermörön	16	Mongolia
Moland	Umeå	17	Sweden
Comanche	Boynton Beach	18	United States
Nova	Puyang	19	China
Park Meadow	Haeju	20	North Korea
Hoffman	Vikhorevka	23	\N
Mcguire	Mardzad	22	Mongolia
North	Lyuban’	21	Russia
Dakota	Eskifjörður	40	Iceland
Monterey	Uga	15	Nigeria
Warbler	Wonokerto	26	Indonesia
Corry	Guandu	27	China
Haas	Ḥurfeish	38	Israel
Fairfield	Huaitu	29	China
Oneill	Al Jawādīyah	1	Syria
Bultman	Zhili	31	China
Arkansas	Shipu	32	China
Eliot	Cachoeira	3	Brazil
Bashford	Tamiso	34	Philippines
Brickson Park	Rancapare	35	Indonesia
Ilene	Tianjiazhuang	36	China
Iowa	Khelyulya	37	Russia
Russell	Bol’shoye Skuratovo	28	Russia
Jenna	‘Irbīn	2	Syria
Bunker Hill	Visby	24	Sweden
\.


--
-- Data for Name: base_cart; Type: TABLE DATA; Schema: public; Owner: postgres
--

COPY public.base_cart (id, created_at) FROM stdin;
\.


--
-- Data for Name: base_cartitem; Type: TABLE DATA; Schema: public; Owner: postgres
--

COPY public.base_cartitem (id, quantity, cart_id, product_id) FROM stdin;
\.


--
-- Data for Name: base_catagory; Type: TABLE DATA; Schema: public; Owner: postgres
--

COPY public.base_catagory (id, title, feature_product_id) FROM stdin;
3	Electronics and Devices	\N
4	Men's Wear	\N
5	Women's Wear	\N
2	Jewelry	7
\.


--
-- Data for Name: base_customer; Type: TABLE DATA; Schema: public; Owner: postgres
--

COPY public.base_customer (id, first_name, last_name, email, phone, date_of_birth) FROM stdin;
1	Claudina	Chitty	cchitty0@cbsnews.com	668-970-1345	1998-03-14
2	Belvia	Vynoll	bvynoll1@sohu.com	830-620-6190	1990-11-15
3	Nessi	Ackwood	nackwood2@businesswire.com	911-706-9857	1994-04-14
4	Carina	Kime	ckime3@telegraph.co.uk	\N	1999-10-04
5	Hersch	Yardy	hyardy4@domainmarket.com	788-203-7015	1997-03-31
6	Alessandra	Waddilove	awaddilove5@xinhuanet.com	560-295-4339	1997-04-21
7	Cynthy	Marielle	cmarielle6@dell.com	926-626-9426	1999-03-13
8	Ive	Stanyer	istanyer7@usgs.gov	352-785-8827	1998-09-13
9	Sara-ann	Felmingham	sfelmingham8@scientificamerican.com	987-715-9616	1999-05-05
10	Benedikt	Rosewarne	brosewarne9@fc2.com	146-655-0918	1993-02-03
11	Merralee	Klaves	mklavesa@people.com.cn	641-399-4798	2000-06-15
12	Hana	Alton	haltonb@wsj.com	234-709-3061	1991-09-24
13	Gabrila	Jurs	gjursc@mail.ru	408-970-8585	1996-06-29
14	Effie	Widdows	ewiddowsd@paginegialle.it	\N	1992-08-20
15	Ernestine	Paliser	epalisere@latimes.com	169-938-0774	1997-04-12
16	Marcile	Lafferty	mlaffertyf@globo.com	\N	1995-08-22
17	Merna	Djekovic	mdjekovicg@tinypic.com	341-252-5006	1995-10-26
18	Caleb	Kesley	ckesleyh@joomla.org	243-276-4874	1994-08-27
19	Pamelina	Maund	pmaundi@vinaora.com	467-123-2606	1997-09-13
20	Foss	Surphliss	fsurphlissj@army.mil	383-977-6775	1997-04-29
21	Erhart	Doram	edoramk@ucla.edu	549-267-0358	1991-11-11
22	Hakeem	Martinello	hmartinellol@feedburner.com	\N	1994-06-22
23	Mona	Terrill	mterrillm@imdb.com	471-832-8458	\N
24	Ana	Hilland	ahillandn@ning.com	\N	2000-11-22
25	Saxe	Mattiacci	smattiaccio@blog.com	578-984-1241	1996-07-14
26	Kerwinn	Hodgen	khodgenp@rediff.com	122-479-7684	1990-01-29
27	Bordie	Downgate	bdowngateq@nyu.edu	492-220-1730	1992-04-02
28	Abagail	Christofor	achristoforr@elpais.com	622-738-4348	1995-11-06
29	Hana	Derye-Barrett	hderyebarretts@wikimedia.org	553-763-2840	1990-09-03
30	Vera	Rhodef	vrhodeft@java.com	312-185-7166	1994-01-03
31	Dirk	Eddisforth	deddisforthu@squidoo.com	436-238-8119	1997-08-09
32	Emmye	Costelow	ecostelowv@google.com.br	180-710-7261	1994-12-22
33	Clem	Ring	cringw@reuters.com	\N	1995-03-04
34	Truda	Hamsson	thamssonx@vimeo.com	611-733-8518	\N
35	Meg	Yabsley	myabsleyy@hao123.com	460-665-6548	\N
36	Linnie	Emor	lemorz@elpais.com	365-463-0355	1999-10-20
37	Indira	Moyne	imoyne10@chicagotribune.com	826-510-3680	1993-01-07
38	Thorvald	Creffield	tcreffield11@salon.com	666-851-8423	1992-10-25
39	Inesita	Meegin	imeegin12@gmpg.org	675-447-7462	1991-07-11
40	Gabriele	Scouller	gscouller13@mapy.cz	\N	1994-06-09
\.


--
-- Data for Name: base_like; Type: TABLE DATA; Schema: public; Owner: postgres
--

COPY public.base_like (id, "like", product_id) FROM stdin;
\.


--
-- Data for Name: base_order; Type: TABLE DATA; Schema: public; Owner: postgres
--

COPY public.base_order (id, placed_at, payment_status, customer_id) FROM stdin;
1	2023-09-15 23:57:39.632927+06	P	28
2	2023-09-16 01:57:19.030427+06	P	28
\.


--
-- Data for Name: base_orderitem; Type: TABLE DATA; Schema: public; Owner: postgres
--

COPY public.base_orderitem (id, quantity, unite_price, order_id, product_id) FROM stdin;
\.


--
-- Data for Name: base_product; Type: TABLE DATA; Schema: public; Owner: postgres
--

COPY public.base_product (id, title, description, price, inventory, last_update, catagory_id, slug) FROM stdin;
1	Interlocking G Silver Chain Bracelet	Three recognisable interlocking Gs are connected by a bold link chain on this sterling silver bracelet with a worn finish.	41226.15	20	2023-09-15 18:46:59.619951+06	2	-
2	Calibri	Gorgeously textured individual bands form the graceful silhouette of an openwork wrist cuff plated in luminous 14-karat gold.	3769.66	20	2023-09-15 21:16:44.558409+06	2	-
3	Set of 2 Mesh Stretch Bracelets	Pavé crystals add a hint of sparkle to a set of stretch bracelets in a gleaming goldtone finish.	2944.44	15	2023-09-15 21:17:46.341289+06	2	-
4	my love birthstone heart pendant necklace	A cubic zirconia heart inspired by your birthstone centers this pendant necklace with love.	6844.23	23	2023-09-15 21:18:57.64437+06	2	-
5	Cubic Zirconia Bezel Necklace	Vibrant green cubic zirconia fills bezel stations in this collar necklace that stacks well with others.	9423.12	23	2023-09-15 21:19:22.614428+06	2	-
6	Everyday Sterling Silver Huggie Hoop Earrings	Bring a touch of subtle shine to your everyday look with this pair of sterling silver huggie hoops.	4602.16	30	2023-09-15 21:19:51.71838+06	2	-
7	Crystal Knot Earrings	Sparkling crystals illuminate the hammered texture of 18-karat gold-plated earrings that are destined to make a statement.	5889.45	23	2023-09-15 21:20:29.806692+06	2	-
8	Samsung 65-Inch 4K Smart LED TV	Enjoy stunning 4K resolution and smart features with this Samsung TV. Stream your favorite shows and movies with ease.	799.99	23	2023-09-16 01:12:19.286278+06	3	-
10	Bose QuietComfort 35 II Wireless Headphones	Immerse yourself in exceptional audio quality with these wireless noise-canceling headphones from Bose. Perfect for travel or quiet listening.	299.00	45	2023-09-16 01:12:57.492541+06	3	-
11	DJI Mavic Air 2 Drone	Capture breathtaking aerial footage with the DJI Mavic Air 2. It features 4K video recording, obstacle avoidance, and a compact design.	799.99	78	2023-09-16 01:13:16.720669+06	3	-
13	Sony PlayStation 5 Gaming Console	Elevate your gaming experience with the Sony PS5. Enjoy ultra-fast load times, ray tracing, and a library of exciting games.	499.99	96	2023-09-16 01:14:00.300254+06	3	-
14	Classic Men's Black Suit	Elevate your style with this classic black suit. Perfect for formal occasions and business meetings, this suit exudes sophistication.	299.99	98	2023-09-16 01:15:03.311436+06	4	-
15	Casual Slim-Fit Men's Jeans	These slim-fit jeans offer both comfort and style. Made from high-quality denim, they are suitable for everyday wear.	49.99	89	2023-09-16 01:15:19.064135+06	4	-
16	Cotton Polo Shirt - Navy Blue	Stay effortlessly stylish with this navy blue cotton polo shirt. It's a versatile addition to your casual wardrobe.	29.99	98	2023-09-16 01:15:33.413896+06	4	-
17	Leather Biker Jacket	Make a statement with this rugged leather biker jacket. It's designed for both style and durability, perfect for a bold look.	199.00	96	2023-09-16 01:15:54.714362+06	4	-
18	Formal Dress Shoes - Brown Leather	Step up your formal attire with these brown leather dress shoes. They provide both comfort and elegance for special occasions.	89.99	98	2023-09-16 01:16:11.817368+06	4	-
19	Sporty Men's Hoodie - Gray	Stay cozy and fashionable in this gray sporty hoodie. Ideal for workouts or casual outings, it's a wardrobe essential.	39.99	96	2023-09-16 01:16:27.698659+06	4	-
9	Apple iPhone 13 Pro Max - 256GB	The iPhone 13 Pro Max boasts an incredible camera system, powerful A15 Bionic chip, and a spacious 256GB of storage.	1099.00	55	2023-09-16 02:31:44.624481+06	3	-
12	Amazon Echo Show 10 (3rd Gen) Smart Display	Stay connected and entertained with the Echo Show 10. It has a rotating screen, built-in Alexa, and a vibrant 10-inch display.	249.99	78	2023-09-16 02:32:34.173004+06	3	-
\.


--
-- Data for Name: django_admin_log; Type: TABLE DATA; Schema: public; Owner: postgres
--

COPY public.django_admin_log (id, action_time, object_id, object_repr, action_flag, change_message, content_type_id, user_id) FROM stdin;
1	2023-09-15 18:44:22.570703+06	2	Catagory object (2)	1	[{"added": {}}]	8	1
2	2023-09-15 18:44:38.416194+06	2	Catagory object (2)	2	[]	8	1
3	2023-09-15 18:46:59.626957+06	1	Product object (1)	1	[{"added": {}}]	12	1
4	2023-09-15 21:16:44.559409+06	2	Calibri	1	[{"added": {}}]	12	1
5	2023-09-15 21:17:46.342289+06	3	Set of 2 Mesh Stretch Bracelets	1	[{"added": {}}]	12	1
6	2023-09-15 21:18:57.645373+06	4	my love birthstone heart pendant necklace	1	[{"added": {}}]	12	1
7	2023-09-15 21:19:22.615429+06	5	Cubic Zirconia Bezel Necklace	1	[{"added": {}}]	12	1
8	2023-09-15 21:19:51.720382+06	6	Everyday Sterling Silver Huggie Hoop Earrings	1	[{"added": {}}]	12	1
9	2023-09-15 21:20:29.807692+06	7	Crystal Knot Earrings	1	[{"added": {}}]	12	1
10	2023-09-15 21:22:17.131391+06	3	Electronics and Devices	1	[{"added": {}}]	8	1
11	2023-09-15 21:22:40.044704+06	4	Men's Wear	1	[{"added": {}}]	8	1
12	2023-09-15 21:22:52.876881+06	5	Women's Wear	1	[{"added": {}}]	8	1
13	2023-09-15 23:57:39.63593+06	1	Order object (1)	1	[{"added": {}}]	10	1
14	2023-09-16 01:08:49.425394+06	2	Jewelry	2	[{"changed": {"fields": ["Feature product"]}}]	8	1
15	2023-09-16 01:12:19.288279+06	8	Samsung 65-Inch 4K Smart LED TV	1	[{"added": {}}]	12	1
16	2023-09-16 01:12:38.803873+06	9	Apple iPhone 13 Pro Max - 256GB	1	[{"added": {}}]	12	1
17	2023-09-16 01:12:57.493543+06	10	Bose QuietComfort 35 II Wireless Headphones	1	[{"added": {}}]	12	1
18	2023-09-16 01:13:16.721671+06	11	DJI Mavic Air 2 Drone	1	[{"added": {}}]	12	1
19	2023-09-16 01:13:33.84048+06	12	Amazon Echo Show 10 (3rd Gen) Smart Display	1	[{"added": {}}]	12	1
20	2023-09-16 01:14:00.301255+06	13	Sony PlayStation 5 Gaming Console	1	[{"added": {}}]	12	1
21	2023-09-16 01:15:03.312437+06	14	Classic Men's Black Suit	1	[{"added": {}}]	12	1
22	2023-09-16 01:15:19.065137+06	15	Casual Slim-Fit Men's Jeans	1	[{"added": {}}]	12	1
23	2023-09-16 01:15:33.414898+06	16	Cotton Polo Shirt - Navy Blue	1	[{"added": {}}]	12	1
24	2023-09-16 01:15:54.715363+06	17	Leather Biker Jacket	1	[{"added": {}}]	12	1
25	2023-09-16 01:16:11.81937+06	18	Formal Dress Shoes - Brown Leather	1	[{"added": {}}]	12	1
26	2023-09-16 01:16:27.699659+06	19	Sporty Men's Hoodie - Gray	1	[{"added": {}}]	12	1
27	2023-09-16 01:57:19.031428+06	2	Order object (2)	1	[{"added": {}}]	10	1
28	2023-09-16 02:27:17.927176+06	12	Amazon Echo Show 10 (3rd Gen) Smart Display	2	[{"changed": {"fields": ["Inventory"]}}]	12	1
29	2023-09-16 02:27:17.929178+06	9	Apple iPhone 13 Pro Max - 256GB	2	[{"changed": {"fields": ["Inventory"]}}]	12	1
30	2023-09-16 02:28:36.64413+06	12	Amazon Echo Show 10 (3rd Gen) Smart Display	2	[{"changed": {"fields": ["Inventory"]}}]	12	1
31	2023-09-16 02:28:36.647133+06	9	Apple iPhone 13 Pro Max - 256GB	2	[{"changed": {"fields": ["Inventory"]}}]	12	1
32	2023-09-16 02:31:23.066295+06	12	Amazon Echo Show 10 (3rd Gen) Smart Display	2	[{"changed": {"fields": ["Inventory"]}}]	12	1
33	2023-09-16 02:31:44.625482+06	9	Apple iPhone 13 Pro Max - 256GB	2	[{"changed": {"fields": ["Inventory"]}}]	12	1
34	2023-09-16 02:32:34.176006+06	12	Amazon Echo Show 10 (3rd Gen) Smart Display	2	[{"changed": {"fields": ["Inventory"]}}]	12	1
\.


--
-- Data for Name: django_content_type; Type: TABLE DATA; Schema: public; Owner: postgres
--

COPY public.django_content_type (id, app_label, model) FROM stdin;
1	admin	logentry
2	auth	permission
3	auth	group
4	auth	user
5	contenttypes	contenttype
6	sessions	session
7	base	cart
8	base	catagory
9	base	customer
10	base	order
11	base	address
12	base	product
13	base	orderitem
14	base	like
15	base	cartitem
\.


--
-- Data for Name: django_migrations; Type: TABLE DATA; Schema: public; Owner: postgres
--

COPY public.django_migrations (id, app, name, applied) FROM stdin;
1	contenttypes	0001_initial	2023-09-15 03:35:22.001236+06
2	auth	0001_initial	2023-09-15 03:35:22.055285+06
3	admin	0001_initial	2023-09-15 03:35:22.0713+06
4	admin	0002_logentry_remove_auto_add	2023-09-15 03:35:22.077305+06
5	admin	0003_logentry_add_action_flag_choices	2023-09-15 03:35:22.081309+06
6	contenttypes	0002_remove_content_type_name	2023-09-15 03:35:22.091318+06
7	auth	0002_alter_permission_name_max_length	2023-09-15 03:35:22.095322+06
8	auth	0003_alter_user_email_max_length	2023-09-15 03:35:22.100326+06
9	auth	0004_alter_user_username_opts	2023-09-15 03:35:22.104329+06
10	auth	0005_alter_user_last_login_null	2023-09-15 03:35:22.109334+06
11	auth	0006_require_contenttypes_0002	2023-09-15 03:35:22.110335+06
12	auth	0007_alter_validators_add_error_messages	2023-09-15 03:35:22.11534+06
13	auth	0008_alter_user_username_max_length	2023-09-15 03:35:22.123348+06
14	auth	0009_alter_user_last_name_max_length	2023-09-15 03:35:22.128351+06
15	auth	0010_alter_group_name_max_length	2023-09-15 03:35:22.135358+06
16	auth	0011_update_proxy_permissions	2023-09-15 03:35:22.139362+06
17	auth	0012_alter_user_first_name_max_length	2023-09-15 03:35:22.143366+06
18	base	0001_initial	2023-09-15 03:35:22.212429+06
19	sessions	0001_initial	2023-09-15 03:35:22.220435+06
20	base	0002_product_slug	2023-09-15 03:43:28.587682+06
21	base	0003_address_country	2023-09-15 03:54:59.892674+06
24	base	0004_alter_catagory_feature_product	2023-09-15 18:44:12.712316+06
25	base	0005_alter_product_price	2023-09-15 18:46:55.798482+06
26	base	0006_alter_catagory_options_alter_product_options	2023-09-15 21:21:25.279348+06
\.


--
-- Data for Name: django_session; Type: TABLE DATA; Schema: public; Owner: postgres
--

COPY public.django_session (session_key, session_data, expire_date) FROM stdin;
ej9fl45jnowoewowcdssa2olrz6vhzyn	.eJxVjDsOwjAQBe_iGlnrL5iSnjNYXu8aB5AtxUmFuDtESgHtm5n3EjGtS43r4DlOJM5CicPvhik_uG2A7qndusy9LfOEclPkToe8duLnZXf_Dmoa9VuDL3DyBtg4bQlMAI1oAgUsKgXgXDAE66zWOXuV0aqE-uicso40EYv3B8aTN4w:1qh7kh:amSWSqbxZtsHsexRH-fCxADShy-xT6w5PfODshQkUCk	2023-09-29 18:16:51.365006+06
\.


--
-- Name: auth_group_id_seq; Type: SEQUENCE SET; Schema: public; Owner: postgres
--

SELECT pg_catalog.setval('public.auth_group_id_seq', 1, false);


--
-- Name: auth_group_permissions_id_seq; Type: SEQUENCE SET; Schema: public; Owner: postgres
--

SELECT pg_catalog.setval('public.auth_group_permissions_id_seq', 1, false);


--
-- Name: auth_permission_id_seq; Type: SEQUENCE SET; Schema: public; Owner: postgres
--

SELECT pg_catalog.setval('public.auth_permission_id_seq', 60, true);


--
-- Name: auth_user_groups_id_seq; Type: SEQUENCE SET; Schema: public; Owner: postgres
--

SELECT pg_catalog.setval('public.auth_user_groups_id_seq', 1, false);


--
-- Name: auth_user_id_seq; Type: SEQUENCE SET; Schema: public; Owner: postgres
--

SELECT pg_catalog.setval('public.auth_user_id_seq', 1, true);


--
-- Name: auth_user_user_permissions_id_seq; Type: SEQUENCE SET; Schema: public; Owner: postgres
--

SELECT pg_catalog.setval('public.auth_user_user_permissions_id_seq', 1, false);


--
-- Name: base_cart_id_seq; Type: SEQUENCE SET; Schema: public; Owner: postgres
--

SELECT pg_catalog.setval('public.base_cart_id_seq', 1, false);


--
-- Name: base_cartitem_id_seq; Type: SEQUENCE SET; Schema: public; Owner: postgres
--

SELECT pg_catalog.setval('public.base_cartitem_id_seq', 1, false);


--
-- Name: base_catagory_id_seq; Type: SEQUENCE SET; Schema: public; Owner: postgres
--

SELECT pg_catalog.setval('public.base_catagory_id_seq', 5, true);


--
-- Name: base_customer_id_seq; Type: SEQUENCE SET; Schema: public; Owner: postgres
--

SELECT pg_catalog.setval('public.base_customer_id_seq', 1, false);


--
-- Name: base_like_id_seq; Type: SEQUENCE SET; Schema: public; Owner: postgres
--

SELECT pg_catalog.setval('public.base_like_id_seq', 1, false);


--
-- Name: base_order_id_seq; Type: SEQUENCE SET; Schema: public; Owner: postgres
--

SELECT pg_catalog.setval('public.base_order_id_seq', 2, true);


--
-- Name: base_orderitem_id_seq; Type: SEQUENCE SET; Schema: public; Owner: postgres
--

SELECT pg_catalog.setval('public.base_orderitem_id_seq', 1, false);


--
-- Name: base_product_id_seq; Type: SEQUENCE SET; Schema: public; Owner: postgres
--

SELECT pg_catalog.setval('public.base_product_id_seq', 19, true);


--
-- Name: django_admin_log_id_seq; Type: SEQUENCE SET; Schema: public; Owner: postgres
--

SELECT pg_catalog.setval('public.django_admin_log_id_seq', 34, true);


--
-- Name: django_content_type_id_seq; Type: SEQUENCE SET; Schema: public; Owner: postgres
--

SELECT pg_catalog.setval('public.django_content_type_id_seq', 15, true);


--
-- Name: django_migrations_id_seq; Type: SEQUENCE SET; Schema: public; Owner: postgres
--

SELECT pg_catalog.setval('public.django_migrations_id_seq', 26, true);


--
-- Name: auth_group auth_group_name_key; Type: CONSTRAINT; Schema: public; Owner: postgres
--

ALTER TABLE ONLY public.auth_group
    ADD CONSTRAINT auth_group_name_key UNIQUE (name);


--
-- Name: auth_group_permissions auth_group_permissions_group_id_permission_id_0cd325b0_uniq; Type: CONSTRAINT; Schema: public; Owner: postgres
--

ALTER TABLE ONLY public.auth_group_permissions
    ADD CONSTRAINT auth_group_permissions_group_id_permission_id_0cd325b0_uniq UNIQUE (group_id, permission_id);


--
-- Name: auth_group_permissions auth_group_permissions_pkey; Type: CONSTRAINT; Schema: public; Owner: postgres
--

ALTER TABLE ONLY public.auth_group_permissions
    ADD CONSTRAINT auth_group_permissions_pkey PRIMARY KEY (id);


--
-- Name: auth_group auth_group_pkey; Type: CONSTRAINT; Schema: public; Owner: postgres
--

ALTER TABLE ONLY public.auth_group
    ADD CONSTRAINT auth_group_pkey PRIMARY KEY (id);


--
-- Name: auth_permission auth_permission_content_type_id_codename_01ab375a_uniq; Type: CONSTRAINT; Schema: public; Owner: postgres
--

ALTER TABLE ONLY public.auth_permission
    ADD CONSTRAINT auth_permission_content_type_id_codename_01ab375a_uniq UNIQUE (content_type_id, codename);


--
-- Name: auth_permission auth_permission_pkey; Type: CONSTRAINT; Schema: public; Owner: postgres
--

ALTER TABLE ONLY public.auth_permission
    ADD CONSTRAINT auth_permission_pkey PRIMARY KEY (id);


--
-- Name: auth_user_groups auth_user_groups_pkey; Type: CONSTRAINT; Schema: public; Owner: postgres
--

ALTER TABLE ONLY public.auth_user_groups
    ADD CONSTRAINT auth_user_groups_pkey PRIMARY KEY (id);


--
-- Name: auth_user_groups auth_user_groups_user_id_group_id_94350c0c_uniq; Type: CONSTRAINT; Schema: public; Owner: postgres
--

ALTER TABLE ONLY public.auth_user_groups
    ADD CONSTRAINT auth_user_groups_user_id_group_id_94350c0c_uniq UNIQUE (user_id, group_id);


--
-- Name: auth_user auth_user_pkey; Type: CONSTRAINT; Schema: public; Owner: postgres
--

ALTER TABLE ONLY public.auth_user
    ADD CONSTRAINT auth_user_pkey PRIMARY KEY (id);


--
-- Name: auth_user_user_permissions auth_user_user_permissions_pkey; Type: CONSTRAINT; Schema: public; Owner: postgres
--

ALTER TABLE ONLY public.auth_user_user_permissions
    ADD CONSTRAINT auth_user_user_permissions_pkey PRIMARY KEY (id);


--
-- Name: auth_user_user_permissions auth_user_user_permissions_user_id_permission_id_14a6b632_uniq; Type: CONSTRAINT; Schema: public; Owner: postgres
--

ALTER TABLE ONLY public.auth_user_user_permissions
    ADD CONSTRAINT auth_user_user_permissions_user_id_permission_id_14a6b632_uniq UNIQUE (user_id, permission_id);


--
-- Name: auth_user auth_user_username_key; Type: CONSTRAINT; Schema: public; Owner: postgres
--

ALTER TABLE ONLY public.auth_user
    ADD CONSTRAINT auth_user_username_key UNIQUE (username);


--
-- Name: base_address base_address_pkey; Type: CONSTRAINT; Schema: public; Owner: postgres
--

ALTER TABLE ONLY public.base_address
    ADD CONSTRAINT base_address_pkey PRIMARY KEY (customer_id);


--
-- Name: base_cart base_cart_pkey; Type: CONSTRAINT; Schema: public; Owner: postgres
--

ALTER TABLE ONLY public.base_cart
    ADD CONSTRAINT base_cart_pkey PRIMARY KEY (id);


--
-- Name: base_cartitem base_cartitem_pkey; Type: CONSTRAINT; Schema: public; Owner: postgres
--

ALTER TABLE ONLY public.base_cartitem
    ADD CONSTRAINT base_cartitem_pkey PRIMARY KEY (id);


--
-- Name: base_catagory base_catagory_pkey; Type: CONSTRAINT; Schema: public; Owner: postgres
--

ALTER TABLE ONLY public.base_catagory
    ADD CONSTRAINT base_catagory_pkey PRIMARY KEY (id);


--
-- Name: base_customer base_customer_email_key; Type: CONSTRAINT; Schema: public; Owner: postgres
--

ALTER TABLE ONLY public.base_customer
    ADD CONSTRAINT base_customer_email_key UNIQUE (email);


--
-- Name: base_customer base_customer_pkey; Type: CONSTRAINT; Schema: public; Owner: postgres
--

ALTER TABLE ONLY public.base_customer
    ADD CONSTRAINT base_customer_pkey PRIMARY KEY (id);


--
-- Name: base_like base_like_pkey; Type: CONSTRAINT; Schema: public; Owner: postgres
--

ALTER TABLE ONLY public.base_like
    ADD CONSTRAINT base_like_pkey PRIMARY KEY (id);


--
-- Name: base_like base_like_product_id_key; Type: CONSTRAINT; Schema: public; Owner: postgres
--

ALTER TABLE ONLY public.base_like
    ADD CONSTRAINT base_like_product_id_key UNIQUE (product_id);


--
-- Name: base_order base_order_pkey; Type: CONSTRAINT; Schema: public; Owner: postgres
--

ALTER TABLE ONLY public.base_order
    ADD CONSTRAINT base_order_pkey PRIMARY KEY (id);


--
-- Name: base_orderitem base_orderitem_pkey; Type: CONSTRAINT; Schema: public; Owner: postgres
--

ALTER TABLE ONLY public.base_orderitem
    ADD CONSTRAINT base_orderitem_pkey PRIMARY KEY (id);


--
-- Name: base_product base_product_pkey; Type: CONSTRAINT; Schema: public; Owner: postgres
--

ALTER TABLE ONLY public.base_product
    ADD CONSTRAINT base_product_pkey PRIMARY KEY (id);


--
-- Name: django_admin_log django_admin_log_pkey; Type: CONSTRAINT; Schema: public; Owner: postgres
--

ALTER TABLE ONLY public.django_admin_log
    ADD CONSTRAINT django_admin_log_pkey PRIMARY KEY (id);


--
-- Name: django_content_type django_content_type_app_label_model_76bd3d3b_uniq; Type: CONSTRAINT; Schema: public; Owner: postgres
--

ALTER TABLE ONLY public.django_content_type
    ADD CONSTRAINT django_content_type_app_label_model_76bd3d3b_uniq UNIQUE (app_label, model);


--
-- Name: django_content_type django_content_type_pkey; Type: CONSTRAINT; Schema: public; Owner: postgres
--

ALTER TABLE ONLY public.django_content_type
    ADD CONSTRAINT django_content_type_pkey PRIMARY KEY (id);


--
-- Name: django_migrations django_migrations_pkey; Type: CONSTRAINT; Schema: public; Owner: postgres
--

ALTER TABLE ONLY public.django_migrations
    ADD CONSTRAINT django_migrations_pkey PRIMARY KEY (id);


--
-- Name: django_session django_session_pkey; Type: CONSTRAINT; Schema: public; Owner: postgres
--

ALTER TABLE ONLY public.django_session
    ADD CONSTRAINT django_session_pkey PRIMARY KEY (session_key);


--
-- Name: auth_group_name_a6ea08ec_like; Type: INDEX; Schema: public; Owner: postgres
--

CREATE INDEX auth_group_name_a6ea08ec_like ON public.auth_group USING btree (name varchar_pattern_ops);


--
-- Name: auth_group_permissions_group_id_b120cbf9; Type: INDEX; Schema: public; Owner: postgres
--

CREATE INDEX auth_group_permissions_group_id_b120cbf9 ON public.auth_group_permissions USING btree (group_id);


--
-- Name: auth_group_permissions_permission_id_84c5c92e; Type: INDEX; Schema: public; Owner: postgres
--

CREATE INDEX auth_group_permissions_permission_id_84c5c92e ON public.auth_group_permissions USING btree (permission_id);


--
-- Name: auth_permission_content_type_id_2f476e4b; Type: INDEX; Schema: public; Owner: postgres
--

CREATE INDEX auth_permission_content_type_id_2f476e4b ON public.auth_permission USING btree (content_type_id);


--
-- Name: auth_user_groups_group_id_97559544; Type: INDEX; Schema: public; Owner: postgres
--

CREATE INDEX auth_user_groups_group_id_97559544 ON public.auth_user_groups USING btree (group_id);


--
-- Name: auth_user_groups_user_id_6a12ed8b; Type: INDEX; Schema: public; Owner: postgres
--

CREATE INDEX auth_user_groups_user_id_6a12ed8b ON public.auth_user_groups USING btree (user_id);


--
-- Name: auth_user_user_permissions_permission_id_1fbb5f2c; Type: INDEX; Schema: public; Owner: postgres
--

CREATE INDEX auth_user_user_permissions_permission_id_1fbb5f2c ON public.auth_user_user_permissions USING btree (permission_id);


--
-- Name: auth_user_user_permissions_user_id_a95ead1b; Type: INDEX; Schema: public; Owner: postgres
--

CREATE INDEX auth_user_user_permissions_user_id_a95ead1b ON public.auth_user_user_permissions USING btree (user_id);


--
-- Name: auth_user_username_6821ab7c_like; Type: INDEX; Schema: public; Owner: postgres
--

CREATE INDEX auth_user_username_6821ab7c_like ON public.auth_user USING btree (username varchar_pattern_ops);


--
-- Name: base_cartitem_cart_id_4f5a40cd; Type: INDEX; Schema: public; Owner: postgres
--

CREATE INDEX base_cartitem_cart_id_4f5a40cd ON public.base_cartitem USING btree (cart_id);


--
-- Name: base_cartitem_product_id_6676deee; Type: INDEX; Schema: public; Owner: postgres
--

CREATE INDEX base_cartitem_product_id_6676deee ON public.base_cartitem USING btree (product_id);


--
-- Name: base_catagory_feature_product_id_20d71470; Type: INDEX; Schema: public; Owner: postgres
--

CREATE INDEX base_catagory_feature_product_id_20d71470 ON public.base_catagory USING btree (feature_product_id);


--
-- Name: base_customer_email_e0a0b3d2_like; Type: INDEX; Schema: public; Owner: postgres
--

CREATE INDEX base_customer_email_e0a0b3d2_like ON public.base_customer USING btree (email varchar_pattern_ops);


--
-- Name: base_order_customer_id_70778e6b; Type: INDEX; Schema: public; Owner: postgres
--

CREATE INDEX base_order_customer_id_70778e6b ON public.base_order USING btree (customer_id);


--
-- Name: base_orderitem_order_id_aaa7f08a; Type: INDEX; Schema: public; Owner: postgres
--

CREATE INDEX base_orderitem_order_id_aaa7f08a ON public.base_orderitem USING btree (order_id);


--
-- Name: base_orderitem_product_id_397c77c4; Type: INDEX; Schema: public; Owner: postgres
--

CREATE INDEX base_orderitem_product_id_397c77c4 ON public.base_orderitem USING btree (product_id);


--
-- Name: base_product_catagory_id_17c91530; Type: INDEX; Schema: public; Owner: postgres
--

CREATE INDEX base_product_catagory_id_17c91530 ON public.base_product USING btree (catagory_id);


--
-- Name: base_product_slug_44aa666e; Type: INDEX; Schema: public; Owner: postgres
--

CREATE INDEX base_product_slug_44aa666e ON public.base_product USING btree (slug);


--
-- Name: base_product_slug_44aa666e_like; Type: INDEX; Schema: public; Owner: postgres
--

CREATE INDEX base_product_slug_44aa666e_like ON public.base_product USING btree (slug varchar_pattern_ops);


--
-- Name: django_admin_log_content_type_id_c4bce8eb; Type: INDEX; Schema: public; Owner: postgres
--

CREATE INDEX django_admin_log_content_type_id_c4bce8eb ON public.django_admin_log USING btree (content_type_id);


--
-- Name: django_admin_log_user_id_c564eba6; Type: INDEX; Schema: public; Owner: postgres
--

CREATE INDEX django_admin_log_user_id_c564eba6 ON public.django_admin_log USING btree (user_id);


--
-- Name: django_session_expire_date_a5c62663; Type: INDEX; Schema: public; Owner: postgres
--

CREATE INDEX django_session_expire_date_a5c62663 ON public.django_session USING btree (expire_date);


--
-- Name: django_session_session_key_c0390e0f_like; Type: INDEX; Schema: public; Owner: postgres
--

CREATE INDEX django_session_session_key_c0390e0f_like ON public.django_session USING btree (session_key varchar_pattern_ops);


--
-- Name: auth_group_permissions auth_group_permissio_permission_id_84c5c92e_fk_auth_perm; Type: FK CONSTRAINT; Schema: public; Owner: postgres
--

ALTER TABLE ONLY public.auth_group_permissions
    ADD CONSTRAINT auth_group_permissio_permission_id_84c5c92e_fk_auth_perm FOREIGN KEY (permission_id) REFERENCES public.auth_permission(id) DEFERRABLE INITIALLY DEFERRED;


--
-- Name: auth_group_permissions auth_group_permissions_group_id_b120cbf9_fk_auth_group_id; Type: FK CONSTRAINT; Schema: public; Owner: postgres
--

ALTER TABLE ONLY public.auth_group_permissions
    ADD CONSTRAINT auth_group_permissions_group_id_b120cbf9_fk_auth_group_id FOREIGN KEY (group_id) REFERENCES public.auth_group(id) DEFERRABLE INITIALLY DEFERRED;


--
-- Name: auth_permission auth_permission_content_type_id_2f476e4b_fk_django_co; Type: FK CONSTRAINT; Schema: public; Owner: postgres
--

ALTER TABLE ONLY public.auth_permission
    ADD CONSTRAINT auth_permission_content_type_id_2f476e4b_fk_django_co FOREIGN KEY (content_type_id) REFERENCES public.django_content_type(id) DEFERRABLE INITIALLY DEFERRED;


--
-- Name: auth_user_groups auth_user_groups_group_id_97559544_fk_auth_group_id; Type: FK CONSTRAINT; Schema: public; Owner: postgres
--

ALTER TABLE ONLY public.auth_user_groups
    ADD CONSTRAINT auth_user_groups_group_id_97559544_fk_auth_group_id FOREIGN KEY (group_id) REFERENCES public.auth_group(id) DEFERRABLE INITIALLY DEFERRED;


--
-- Name: auth_user_groups auth_user_groups_user_id_6a12ed8b_fk_auth_user_id; Type: FK CONSTRAINT; Schema: public; Owner: postgres
--

ALTER TABLE ONLY public.auth_user_groups
    ADD CONSTRAINT auth_user_groups_user_id_6a12ed8b_fk_auth_user_id FOREIGN KEY (user_id) REFERENCES public.auth_user(id) DEFERRABLE INITIALLY DEFERRED;


--
-- Name: auth_user_user_permissions auth_user_user_permi_permission_id_1fbb5f2c_fk_auth_perm; Type: FK CONSTRAINT; Schema: public; Owner: postgres
--

ALTER TABLE ONLY public.auth_user_user_permissions
    ADD CONSTRAINT auth_user_user_permi_permission_id_1fbb5f2c_fk_auth_perm FOREIGN KEY (permission_id) REFERENCES public.auth_permission(id) DEFERRABLE INITIALLY DEFERRED;


--
-- Name: auth_user_user_permissions auth_user_user_permissions_user_id_a95ead1b_fk_auth_user_id; Type: FK CONSTRAINT; Schema: public; Owner: postgres
--

ALTER TABLE ONLY public.auth_user_user_permissions
    ADD CONSTRAINT auth_user_user_permissions_user_id_a95ead1b_fk_auth_user_id FOREIGN KEY (user_id) REFERENCES public.auth_user(id) DEFERRABLE INITIALLY DEFERRED;


--
-- Name: base_address base_address_customer_id_c5693749_fk_base_customer_id; Type: FK CONSTRAINT; Schema: public; Owner: postgres
--

ALTER TABLE ONLY public.base_address
    ADD CONSTRAINT base_address_customer_id_c5693749_fk_base_customer_id FOREIGN KEY (customer_id) REFERENCES public.base_customer(id) DEFERRABLE INITIALLY DEFERRED;


--
-- Name: base_cartitem base_cartitem_cart_id_4f5a40cd_fk_base_cart_id; Type: FK CONSTRAINT; Schema: public; Owner: postgres
--

ALTER TABLE ONLY public.base_cartitem
    ADD CONSTRAINT base_cartitem_cart_id_4f5a40cd_fk_base_cart_id FOREIGN KEY (cart_id) REFERENCES public.base_cart(id) DEFERRABLE INITIALLY DEFERRED;


--
-- Name: base_cartitem base_cartitem_product_id_6676deee_fk_base_product_id; Type: FK CONSTRAINT; Schema: public; Owner: postgres
--

ALTER TABLE ONLY public.base_cartitem
    ADD CONSTRAINT base_cartitem_product_id_6676deee_fk_base_product_id FOREIGN KEY (product_id) REFERENCES public.base_product(id) DEFERRABLE INITIALLY DEFERRED;


--
-- Name: base_catagory base_catagory_feature_product_id_20d71470_fk_base_product_id; Type: FK CONSTRAINT; Schema: public; Owner: postgres
--

ALTER TABLE ONLY public.base_catagory
    ADD CONSTRAINT base_catagory_feature_product_id_20d71470_fk_base_product_id FOREIGN KEY (feature_product_id) REFERENCES public.base_product(id) DEFERRABLE INITIALLY DEFERRED;


--
-- Name: base_like base_like_product_id_1bf5f686_fk_base_product_id; Type: FK CONSTRAINT; Schema: public; Owner: postgres
--

ALTER TABLE ONLY public.base_like
    ADD CONSTRAINT base_like_product_id_1bf5f686_fk_base_product_id FOREIGN KEY (product_id) REFERENCES public.base_product(id) DEFERRABLE INITIALLY DEFERRED;


--
-- Name: base_order base_order_customer_id_70778e6b_fk_base_customer_id; Type: FK CONSTRAINT; Schema: public; Owner: postgres
--

ALTER TABLE ONLY public.base_order
    ADD CONSTRAINT base_order_customer_id_70778e6b_fk_base_customer_id FOREIGN KEY (customer_id) REFERENCES public.base_customer(id) DEFERRABLE INITIALLY DEFERRED;


--
-- Name: base_orderitem base_orderitem_order_id_aaa7f08a_fk_base_order_id; Type: FK CONSTRAINT; Schema: public; Owner: postgres
--

ALTER TABLE ONLY public.base_orderitem
    ADD CONSTRAINT base_orderitem_order_id_aaa7f08a_fk_base_order_id FOREIGN KEY (order_id) REFERENCES public.base_order(id) DEFERRABLE INITIALLY DEFERRED;


--
-- Name: base_orderitem base_orderitem_product_id_397c77c4_fk_base_product_id; Type: FK CONSTRAINT; Schema: public; Owner: postgres
--

ALTER TABLE ONLY public.base_orderitem
    ADD CONSTRAINT base_orderitem_product_id_397c77c4_fk_base_product_id FOREIGN KEY (product_id) REFERENCES public.base_product(id) DEFERRABLE INITIALLY DEFERRED;


--
-- Name: base_product base_product_catagory_id_17c91530_fk_base_catagory_id; Type: FK CONSTRAINT; Schema: public; Owner: postgres
--

ALTER TABLE ONLY public.base_product
    ADD CONSTRAINT base_product_catagory_id_17c91530_fk_base_catagory_id FOREIGN KEY (catagory_id) REFERENCES public.base_catagory(id) DEFERRABLE INITIALLY DEFERRED;


--
-- Name: django_admin_log django_admin_log_content_type_id_c4bce8eb_fk_django_co; Type: FK CONSTRAINT; Schema: public; Owner: postgres
--

ALTER TABLE ONLY public.django_admin_log
    ADD CONSTRAINT django_admin_log_content_type_id_c4bce8eb_fk_django_co FOREIGN KEY (content_type_id) REFERENCES public.django_content_type(id) DEFERRABLE INITIALLY DEFERRED;


--
-- Name: django_admin_log django_admin_log_user_id_c564eba6_fk_auth_user_id; Type: FK CONSTRAINT; Schema: public; Owner: postgres
--

ALTER TABLE ONLY public.django_admin_log
    ADD CONSTRAINT django_admin_log_user_id_c564eba6_fk_auth_user_id FOREIGN KEY (user_id) REFERENCES public.auth_user(id) DEFERRABLE INITIALLY DEFERRED;


--
-- PostgreSQL database dump complete
--

